{"app_id":29,"sum_revenue":87.85718713229525}
{"app_id":34,"country_code":"DE","sum_revenue":125.75102063028571}
{"app_id":5,"country_code":"IT","sum_revenue":82.18454096576062}
{"app_id":11,"country_code":"US","sum_revenue":16.06565847408894}
{"app_id":7,"country_code":"IT","sum_revenue":9.348166491994709}
{"app_id":35,"country_code":"IT","sum_revenue":7.045305230991874}
{"app_id":23,"country_code":"US","sum_revenue":95.47532796095344}
{"app_id":27,"sum_revenue":40.962770188893806}
{"app_id":39,"country_code":"US","sum_revenue":17.15715166893303}
{"app_id":7,"country_code":"DE","sum_revenue":11.411954343923577}
{"app_id":28,"sum_revenue":209.61895522704845}
{"app_id":33,"sum_revenue":73.71962636773625}
{"app_id":2,"country_code":"","sum_revenue":77.82167117446402}
{"app_id":25,"country_code":"UK","sum_revenue":33.28827242835068}
{"app_id":1,"country_code":"IT","sum_revenue":48.09063975343832}
{"app_id":18,"country_code":"DE","sum_revenue":6.211200202586701}
{"app_id":15,"country_code":"","sum_revenue":63.52933382616075}
{"app_id":13,"country_code":"","sum_revenue":24.45852430570718}
{"app_id":24,"country_code":"","sum_revenue":2.6305837237995835}
{"app_id":14,"country_code":"UK","sum_revenue":42.2120504831149}
{"app_id":33,"country_code":"US","sum_revenue":22.241747566824856}
{"app_id":3,"sum_revenue":41.818308215008905}
{"app_id":19,"country_code":"","sum_revenue":17.192704459575573}
{"app_id":24,"country_code":"UK","sum_revenue":109.8385696949579}
{"app_id":16,"country_code":"US","sum_revenue":119.59955240848257}
{"app_id":13,"country_code":"DE","sum_revenue":10.190921460465525}
{"app_id":22,"country_code":"DE","sum_revenue":64.4926417205577}
{"app_id":9,"country_code":"","sum_revenue":42.26595851691583}
{"app_id":10,"country_code":"US","sum_revenue":29.667030423182606}
{"app_id":26,"country_code":"DE","sum_revenue":44.467305314479475}
{"app_id":28,"country_code":"US","sum_revenue":316.42904979333747}
{"app_id":36,"sum_revenue":32.45462860482392}
{"app_id":4,"country_code":"IT","sum_revenue":101.78384185682648}
{"app_id":18,"country_code":"IT","sum_revenue":63.36930093404926}
{"app_id":18,"sum_revenue":98.28091515173605}
{"app_id":16,"country_code":"UK","sum_revenue":126.29885368791373}
{"app_id":15,"country_code":"US","sum_revenue":53.38109930710306}
{"app_id":22,"country_code":"IT","sum_revenue":302.8735178179486}
{"app_id":9,"country_code":"US","sum_revenue":80.90569408371145}
{"app_id":30,"sum_revenue":65.819239340359}
{"app_id":38,"country_code":"IT","sum_revenue":80.49179310721657}
{"app_id":6,"country_code":"","sum_revenue":83.23202626929088}
{"app_id":5,"country_code":"DE","sum_revenue":16.562940714608928}
{"app_id":25,"country_code":"","sum_revenue":58.15763701051169}
{"app_id":27,"country_code":"IT","sum_revenue":19.20919765174614}
{"app_id":21,"country_code":"DE","sum_revenue":16.414227540534302}
{"app_id":40,"country_code":"DE","sum_revenue":181.52466301192356}
{"app_id":30,"country_code":"US","sum_revenue":195.58479317023586}
{"app_id":30,"country_code":"DE","sum_revenue":50.48608318583566}
{"app_id":38,"country_code":"","sum_revenue":36.03091053578042}
{"app_id":13,"country_code":"US","sum_revenue":85.98714294381845}
